sensor_id,room_number,room_type,type,attached_to,apartment,cluster_name,sensor_iri,measurement_point_iri,room_iri,asset_iri,water_kind_iri
S0001,R006,Living room,hot water consumption,Washbasin,APT_010,CL_H,https://w3id.org/eautonome/hsbSensorS0001,https://w3id.org/eautonome/hsbMeasurementPointS0001,https://w3id.org/eautonome/hsbRoomR006,https://w3id.org/eautonome/hsbAssetS0001,https://w3id.org/eautonome/hsbHotWater
S0002,R006,Living room,cold water consumption,Washbasin,APT_010,CL_H,https://w3id.org/eautonome/hsbSensorS0002,https://w3id.org/eautonome/hsbMeasurementPointS0002,https://w3id.org/eautonome/hsbRoomR006,https://w3id.org/eautonome/hsbAssetS0002,https://w3id.org/eautonome/hsbColdWater
S0003,R006,Living room,hot water consumption,Kitchen tap,APT_010,CL_H,https://w3id.org/eautonome/hsbSensorS0003,https://w3id.org/eautonome/hsbMeasurementPointS0003,https://w3id.org/eautonome/hsbRoomR006,https://w3id.org/eautonome/hsbAssetS0003,https://w3id.org/eautonome/hsbHotWater
S0004,R006,Living room,cold water consumption,Kitchen tap,APT_010,CL_H,https://w3id.org/eautonome/hsbSensorS0004,https://w3id.org/eautonome/hsbMeasurementPointS0004,https://w3id.org/eautonome/hsbRoomR006,https://w3id.org/eautonome/hsbAssetS0004,https://w3id.org/eautonome/hsbColdWater
S0005,R006,Living room,cold water consumption,Toilet,APT_010,CL_H,https://w3id.org/eautonome/hsbSensorS0005,https://w3id.org/eautonome/hsbMeasurementPointS0005,https://w3id.org/eautonome/hsbRoomR006,https://w3id.org/eautonome/hsbAssetS0005,https://w3id.org/eautonome/hsbColdWater
S0006,R007,Living room,cold water consumption,Toilet,APT_026,CL_H,https://w3id.org/eautonome/hsbSensorS0006,https://w3id.org/eautonome/hsbMeasurementPointS0006,https://w3id.org/eautonome/hsbRoomR007,https://w3id.org/eautonome/hsbAssetS0006,https://w3id.org/eautonome/hsbColdWater
S0007,R006,Living room,cold water consumption,Toilet,APT_010,CL_H,https://w3id.org/eautonome/hsbSensorS0007,https://w3id.org/eautonome/hsbMeasurementPointS0007,https://w3id.org/eautonome/hsbRoomR006,https://w3id.org/eautonome/hsbAssetS0007,https://w3id.org/eautonome/hsbColdWater
S0008,R007,Living room,hot water consumption,Kitchen tap,APT_026,CL_H,https://w3id.org/eautonome/hsbSensorS0008,https://w3id.org/eautonome/hsbMeasurementPointS0008,https://w3id.org/eautonome/hsbRoomR007,https://w3id.org/eautonome/hsbAssetS0008,https://w3id.org/eautonome/hsbHotWater
S0009,R007,Living room,cold water consumption,Kitchen tap,APT_026,CL_H,https://w3id.org/eautonome/hsbSensorS0009,https://w3id.org/eautonome/hsbMeasurementPointS0009,https://w3id.org/eautonome/hsbRoomR007,https://w3id.org/eautonome/hsbAssetS0009,https://w3id.org/eautonome/hsbColdWater
S0010,R007,Living room,hot water consumption,Washbasin,APT_026,CL_H,https://w3id.org/eautonome/hsbSensorS0010,https://w3id.org/eautonome/hsbMeasurementPointS0010,https://w3id.org/eautonome/hsbRoomR007,https://w3id.org/eautonome/hsbAssetS0010,https://w3id.org/eautonome/hsbHotWater
S0011,R007,Living room,cold water consumption,Washbasin,APT_026,CL_H,https://w3id.org/eautonome/hsbSensorS0011,https://w3id.org/eautonome/hsbMeasurementPointS0011,https://w3id.org/eautonome/hsbRoomR007,https://w3id.org/eautonome/hsbAssetS0011,https://w3id.org/eautonome/hsbColdWater
S0012,R008,Living room,hot water consumption,Washbasin,APT_009,CL_H,https://w3id.org/eautonome/hsbSensorS0012,https://w3id.org/eautonome/hsbMeasurementPointS0012,https://w3id.org/eautonome/hsbRoomR008,https://w3id.org/eautonome/hsbAssetS0012,https://w3id.org/eautonome/hsbHotWater
S0013,R008,Living room,cold water consumption,Washbasin,APT_009,CL_H,https://w3id.org/eautonome/hsbSensorS0013,https://w3id.org/eautonome/hsbMeasurementPointS0013,https://w3id.org/eautonome/hsbRoomR008,https://w3id.org/eautonome/hsbAssetS0013,https://w3id.org/eautonome/hsbColdWater
S0014,R008,Living room,hot water consumption,Kitchen tap,APT_009,CL_H,https://w3id.org/eautonome/hsbSensorS0014,https://w3id.org/eautonome/hsbMeasurementPointS0014,https://w3id.org/eautonome/hsbRoomR008,https://w3id.org/eautonome/hsbAssetS0014,https://w3id.org/eautonome/hsbHotWater
S0015,R008,Living room,cold water consumption,Kitchen tap,APT_009,CL_H,https://w3id.org/eautonome/hsbSensorS0015,https://w3id.org/eautonome/hsbMeasurementPointS0015,https://w3id.org/eautonome/hsbRoomR008,https://w3id.org/eautonome/hsbAssetS0015,https://w3id.org/eautonome/hsbColdWater
S0016,R012,Shared bathroom,hot water consumption,Washbasin,,CL_H,https://w3id.org/eautonome/hsbSensorS0016,https://w3id.org/eautonome/hsbMeasurementPointS0016,https://w3id.org/eautonome/hsbRoomR012,https://w3id.org/eautonome/hsbAssetS0016,https://w3id.org/eautonome/hsbHotWater
S0017,R012,Shared bathroom,cold water consumption,Washbasin,,CL_H,https://w3id.org/eautonome/hsbSensorS0017,https://w3id.org/eautonome/hsbMeasurementPointS0017,https://w3id.org/eautonome/hsbRoomR012,https://w3id.org/eautonome/hsbAssetS0017,https://w3id.org/eautonome/hsbColdWater
S0018,R009,Living room,cold water consumption,Kitchen tap,APT_022,CL_H,https://w3id.org/eautonome/hsbSensorS0018,https://w3id.org/eautonome/hsbMeasurementPointS0018,https://w3id.org/eautonome/hsbRoomR009,https://w3id.org/eautonome/hsbAssetS0018,https://w3id.org/eautonome/hsbColdWater
S0019,R011,Shared bathroom,hot water consumption,Washbasin,,CL_H,https://w3id.org/eautonome/hsbSensorS0019,https://w3id.org/eautonome/hsbMeasurementPointS0019,https://w3id.org/eautonome/hsbRoomR011,https://w3id.org/eautonome/hsbAssetS0019,https://w3id.org/eautonome/hsbHotWater
S0020,R011,Shared bathroom,cold water consumption,Washbasin,,CL_H,https://w3id.org/eautonome/hsbSensorS0020,https://w3id.org/eautonome/hsbMeasurementPointS0020,https://w3id.org/eautonome/hsbRoomR011,https://w3id.org/eautonome/hsbAssetS0020,https://w3id.org/eautonome/hsbColdWater
S0021,R005,Shared space,hot water consumption,Kitchen tap,,CL_H,https://w3id.org/eautonome/hsbSensorS0021,https://w3id.org/eautonome/hsbMeasurementPointS0021,https://w3id.org/eautonome/hsbRoomR005,https://w3id.org/eautonome/hsbAssetS0021,https://w3id.org/eautonome/hsbHotWater
S0022,R005,Shared space,cold water consumption,Kitchen tap,,CL_H,https://w3id.org/eautonome/hsbSensorS0022,https://w3id.org/eautonome/hsbMeasurementPointS0022,https://w3id.org/eautonome/hsbRoomR005,https://w3id.org/eautonome/hsbAssetS0022,https://w3id.org/eautonome/hsbColdWater
S0023,R009,Living room,hot water consumption,Washbasin,APT_022,CL_H,https://w3id.org/eautonome/hsbSensorS0023,https://w3id.org/eautonome/hsbMeasurementPointS0023,https://w3id.org/eautonome/hsbRoomR009,https://w3id.org/eautonome/hsbAssetS0023,https://w3id.org/eautonome/hsbHotWater
S0024,R009,Living room,cold water consumption,Washbasin,APT_022,CL_H,https://w3id.org/eautonome/hsbSensorS0024,https://w3id.org/eautonome/hsbMeasurementPointS0024,https://w3id.org/eautonome/hsbRoomR009,https://w3id.org/eautonome/hsbAssetS0024,https://w3id.org/eautonome/hsbColdWater
S0025,R011,Shared bathroom,cold water consumption,Shower,,CL_H,https://w3id.org/eautonome/hsbSensorS0025,https://w3id.org/eautonome/hsbMeasurementPointS0025,https://w3id.org/eautonome/hsbRoomR011,https://w3id.org/eautonome/hsbAssetS0025,https://w3id.org/eautonome/hsbColdWater
S0026,R012,Shared bathroom,cold water consumption,Shower,,CL_H,https://w3id.org/eautonome/hsbSensorS0026,https://w3id.org/eautonome/hsbMeasurementPointS0026,https://w3id.org/eautonome/hsbRoomR012,https://w3id.org/eautonome/hsbAssetS0026,https://w3id.org/eautonome/hsbColdWater
S0027,R011,Shared bathroom,cold water consumption,Toilet,,CL_H,https://w3id.org/eautonome/hsbSensorS0027,https://w3id.org/eautonome/hsbMeasurementPointS0027,https://w3id.org/eautonome/hsbRoomR011,https://w3id.org/eautonome/hsbAssetS0027,https://w3id.org/eautonome/hsbColdWater
S0028,R012,Shared bathroom,cold water consumption,Toilet,,CL_H,https://w3id.org/eautonome/hsbSensorS0028,https://w3id.org/eautonome/hsbMeasurementPointS0028,https://w3id.org/eautonome/hsbRoomR012,https://w3id.org/eautonome/hsbAssetS0028,https://w3id.org/eautonome/hsbColdWater
S0029,R010,Living room,hot water consumption,Kitchen tap,APT_001,CL_H,https://w3id.org/eautonome/hsbSensorS0029,https://w3id.org/eautonome/hsbMeasurementPointS0029,https://w3id.org/eautonome/hsbRoomR010,https://w3id.org/eautonome/hsbAssetS0029,https://w3id.org/eautonome/hsbHotWater
S0030,R010,Living room,cold water consumption,Kitchen tap,APT_001,CL_H,https://w3id.org/eautonome/hsbSensorS0030,https://w3id.org/eautonome/hsbMeasurementPointS0030,https://w3id.org/eautonome/hsbRoomR010,https://w3id.org/eautonome/hsbAssetS0030,https://w3id.org/eautonome/hsbColdWater
S0031,R009,Living room,hot water consumption,Kitchen tap,APT_022,CL_H,https://w3id.org/eautonome/hsbSensorS0031,https://w3id.org/eautonome/hsbMeasurementPointS0031,https://w3id.org/eautonome/hsbRoomR009,https://w3id.org/eautonome/hsbAssetS0031,https://w3id.org/eautonome/hsbHotWater
S0032,R009,Living room,cold water consumption,Kitchen tap,APT_022,CL_H,https://w3id.org/eautonome/hsbSensorS0032,https://w3id.org/eautonome/hsbMeasurementPointS0032,https://w3id.org/eautonome/hsbRoomR009,https://w3id.org/eautonome/hsbAssetS0032,https://w3id.org/eautonome/hsbColdWater
S0033,R009,Living room,hot water consumption,Washbasin,APT_022,CL_H,https://w3id.org/eautonome/hsbSensorS0033,https://w3id.org/eautonome/hsbMeasurementPointS0033,https://w3id.org/eautonome/hsbRoomR009,https://w3id.org/eautonome/hsbAssetS0033,https://w3id.org/eautonome/hsbHotWater
S0034,R009,Living room,cold water consumption,Washbasin,APT_022,CL_H,https://w3id.org/eautonome/hsbSensorS0034,https://w3id.org/eautonome/hsbMeasurementPointS0034,https://w3id.org/eautonome/hsbRoomR009,https://w3id.org/eautonome/hsbAssetS0034,https://w3id.org/eautonome/hsbColdWater
S0035,R010,Living room,hot water consumption,Washbasin,APT_001,CL_H,https://w3id.org/eautonome/hsbSensorS0035,https://w3id.org/eautonome/hsbMeasurementPointS0035,https://w3id.org/eautonome/hsbRoomR010,https://w3id.org/eautonome/hsbAssetS0035,https://w3id.org/eautonome/hsbHotWater
S0036,R010,Living room,cold water consumption,Washbasin,APT_001,CL_H,https://w3id.org/eautonome/hsbSensorS0036,https://w3id.org/eautonome/hsbMeasurementPointS0036,https://w3id.org/eautonome/hsbRoomR010,https://w3id.org/eautonome/hsbAssetS0036,https://w3id.org/eautonome/hsbColdWater
S0037,R010,Living room,cold water consumption,Toilet,APT_001,CL_H,https://w3id.org/eautonome/hsbSensorS0037,https://w3id.org/eautonome/hsbMeasurementPointS0037,https://w3id.org/eautonome/hsbRoomR010,https://w3id.org/eautonome/hsbAssetS0037,https://w3id.org/eautonome/hsbColdWater
S0038,R009,Living room,cold water consumption,Toilet,APT_022,CL_H,https://w3id.org/eautonome/hsbSensorS0038,https://w3id.org/eautonome/hsbMeasurementPointS0038,https://w3id.org/eautonome/hsbRoomR009,https://w3id.org/eautonome/hsbAssetS0038,https://w3id.org/eautonome/hsbColdWater
S0039,R019,Living room,hot water consumption,Kitchen tap,APT_016,CL_B,https://w3id.org/eautonome/hsbSensorS0039,https://w3id.org/eautonome/hsbMeasurementPointS0039,https://w3id.org/eautonome/hsbRoomR019,https://w3id.org/eautonome/hsbAssetS0039,https://w3id.org/eautonome/hsbHotWater
S0040,R019,Living room,cold water consumption,Kitchen tap,APT_016,CL_B,https://w3id.org/eautonome/hsbSensorS0040,https://w3id.org/eautonome/hsbMeasurementPointS0040,https://w3id.org/eautonome/hsbRoomR019,https://w3id.org/eautonome/hsbAssetS0040,https://w3id.org/eautonome/hsbColdWater
S0041,R018,Living room,hot water consumption,Kitchen tap,APT_014,CL_B,https://w3id.org/eautonome/hsbSensorS0041,https://w3id.org/eautonome/hsbMeasurementPointS0041,https://w3id.org/eautonome/hsbRoomR018,https://w3id.org/eautonome/hsbAssetS0041,https://w3id.org/eautonome/hsbHotWater
S0042,R018,Living room,cold water consumption,Kitchen tap,APT_014,CL_B,https://w3id.org/eautonome/hsbSensorS0042,https://w3id.org/eautonome/hsbMeasurementPointS0042,https://w3id.org/eautonome/hsbRoomR018,https://w3id.org/eautonome/hsbAssetS0042,https://w3id.org/eautonome/hsbColdWater
S0043,R018,Living room,hot water consumption,Washbasin,APT_014,CL_B,https://w3id.org/eautonome/hsbSensorS0043,https://w3id.org/eautonome/hsbMeasurementPointS0043,https://w3id.org/eautonome/hsbRoomR018,https://w3id.org/eautonome/hsbAssetS0043,https://w3id.org/eautonome/hsbHotWater
S0044,R018,Living room,cold water consumption,Washbasin,APT_014,CL_B,https://w3id.org/eautonome/hsbSensorS0044,https://w3id.org/eautonome/hsbMeasurementPointS0044,https://w3id.org/eautonome/hsbRoomR018,https://w3id.org/eautonome/hsbAssetS0044,https://w3id.org/eautonome/hsbColdWater
S0045,R019,Living room,hot water consumption,Washbasin,APT_016,CL_B,https://w3id.org/eautonome/hsbSensorS0045,https://w3id.org/eautonome/hsbMeasurementPointS0045,https://w3id.org/eautonome/hsbRoomR019,https://w3id.org/eautonome/hsbAssetS0045,https://w3id.org/eautonome/hsbHotWater
S0046,R019,Living room,cold water consumption,Washbasin,APT_016,CL_B,https://w3id.org/eautonome/hsbSensorS0046,https://w3id.org/eautonome/hsbMeasurementPointS0046,https://w3id.org/eautonome/hsbRoomR019,https://w3id.org/eautonome/hsbAssetS0046,https://w3id.org/eautonome/hsbColdWater
S0047,R019,Living room,cold water consumption,Toilet,APT_016,CL_B,https://w3id.org/eautonome/hsbSensorS0047,https://w3id.org/eautonome/hsbMeasurementPointS0047,https://w3id.org/eautonome/hsbRoomR019,https://w3id.org/eautonome/hsbAssetS0047,https://w3id.org/eautonome/hsbColdWater
S0048,R018,Living room,cold water consumption,Toilet,APT_014,CL_B,https://w3id.org/eautonome/hsbSensorS0048,https://w3id.org/eautonome/hsbMeasurementPointS0048,https://w3id.org/eautonome/hsbRoomR018,https://w3id.org/eautonome/hsbAssetS0048,https://w3id.org/eautonome/hsbColdWater
S0049,R020,Shared bathroom,hot water consumption,Washbasin,,CL_B,https://w3id.org/eautonome/hsbSensorS0049,https://w3id.org/eautonome/hsbMeasurementPointS0049,https://w3id.org/eautonome/hsbRoomR020,https://w3id.org/eautonome/hsbAssetS0049,https://w3id.org/eautonome/hsbHotWater
S0050,R020,Shared bathroom,cold water consumption,Washbasin,,CL_B,https://w3id.org/eautonome/hsbSensorS0050,https://w3id.org/eautonome/hsbMeasurementPointS0050,https://w3id.org/eautonome/hsbRoomR020,https://w3id.org/eautonome/hsbAssetS0050,https://w3id.org/eautonome/hsbColdWater
S0051,R021,Shared bathroom,hot water consumption,Washbasin,,CL_B,https://w3id.org/eautonome/hsbSensorS0051,https://w3id.org/eautonome/hsbMeasurementPointS0051,https://w3id.org/eautonome/hsbRoomR021,https://w3id.org/eautonome/hsbAssetS0051,https://w3id.org/eautonome/hsbHotWater
S0052,R021,Shared bathroom,cold water consumption,Washbasin,,CL_B,https://w3id.org/eautonome/hsbSensorS0052,https://w3id.org/eautonome/hsbMeasurementPointS0052,https://w3id.org/eautonome/hsbRoomR021,https://w3id.org/eautonome/hsbAssetS0052,https://w3id.org/eautonome/hsbColdWater
S0053,R013,Shared space,hot water consumption,Kitchen tap,,CL_B,https://w3id.org/eautonome/hsbSensorS0053,https://w3id.org/eautonome/hsbMeasurementPointS0053,https://w3id.org/eautonome/hsbRoomR013,https://w3id.org/eautonome/hsbAssetS0053,https://w3id.org/eautonome/hsbHotWater
S0054,R013,Shared space,cold water consumption,Kitchen tap,,CL_B,https://w3id.org/eautonome/hsbSensorS0054,https://w3id.org/eautonome/hsbMeasurementPointS0054,https://w3id.org/eautonome/hsbRoomR013,https://w3id.org/eautonome/hsbAssetS0054,https://w3id.org/eautonome/hsbColdWater
S0055,R017,Living room,hot water consumption,Kitchen tap,APT_012,CL_B,https://w3id.org/eautonome/hsbSensorS0055,https://w3id.org/eautonome/hsbMeasurementPointS0055,https://w3id.org/eautonome/hsbRoomR017,https://w3id.org/eautonome/hsbAssetS0055,https://w3id.org/eautonome/hsbHotWater
S0056,R017,Living room,cold water consumption,Kitchen tap,APT_012,CL_B,https://w3id.org/eautonome/hsbSensorS0056,https://w3id.org/eautonome/hsbMeasurementPointS0056,https://w3id.org/eautonome/hsbRoomR017,https://w3id.org/eautonome/hsbAssetS0056,https://w3id.org/eautonome/hsbColdWater
S0057,R017,Living room,hot water consumption,Washbasin,APT_012,CL_B,https://w3id.org/eautonome/hsbSensorS0057,https://w3id.org/eautonome/hsbMeasurementPointS0057,https://w3id.org/eautonome/hsbRoomR017,https://w3id.org/eautonome/hsbAssetS0057,https://w3id.org/eautonome/hsbHotWater
S0058,R017,Living room,cold water consumption,Washbasin,APT_012,CL_B,https://w3id.org/eautonome/hsbSensorS0058,https://w3id.org/eautonome/hsbMeasurementPointS0058,https://w3id.org/eautonome/hsbRoomR017,https://w3id.org/eautonome/hsbAssetS0058,https://w3id.org/eautonome/hsbColdWater
S0059,R020,Shared bathroom,hot water consumption,Shower,,CL_B,https://w3id.org/eautonome/hsbSensorS0059,https://w3id.org/eautonome/hsbMeasurementPointS0059,https://w3id.org/eautonome/hsbRoomR020,https://w3id.org/eautonome/hsbAssetS0059,https://w3id.org/eautonome/hsbHotWater
S0060,R020,Shared bathroom,cold water consumption,Shower,,CL_B,https://w3id.org/eautonome/hsbSensorS0060,https://w3id.org/eautonome/hsbMeasurementPointS0060,https://w3id.org/eautonome/hsbRoomR020,https://w3id.org/eautonome/hsbAssetS0060,https://w3id.org/eautonome/hsbColdWater
S0061,R021,Shared bathroom,hot water consumption,Shower,,CL_B,https://w3id.org/eautonome/hsbSensorS0061,https://w3id.org/eautonome/hsbMeasurementPointS0061,https://w3id.org/eautonome/hsbRoomR021,https://w3id.org/eautonome/hsbAssetS0061,https://w3id.org/eautonome/hsbHotWater
S0062,R021,Shared bathroom,cold water consumption,Shower,,CL_B,https://w3id.org/eautonome/hsbSensorS0062,https://w3id.org/eautonome/hsbMeasurementPointS0062,https://w3id.org/eautonome/hsbRoomR021,https://w3id.org/eautonome/hsbAssetS0062,https://w3id.org/eautonome/hsbColdWater
S0063,R021,Shared bathroom,cold water consumption,Toilet,,CL_B,https://w3id.org/eautonome/hsbSensorS0063,https://w3id.org/eautonome/hsbMeasurementPointS0063,https://w3id.org/eautonome/hsbRoomR021,https://w3id.org/eautonome/hsbAssetS0063,https://w3id.org/eautonome/hsbColdWater
S0064,R020,Shared bathroom,cold water consumption,Toilet,,CL_B,https://w3id.org/eautonome/hsbSensorS0064,https://w3id.org/eautonome/hsbMeasurementPointS0064,https://w3id.org/eautonome/hsbRoomR020,https://w3id.org/eautonome/hsbAssetS0064,https://w3id.org/eautonome/hsbColdWater
S0065,R016,Living room,hot water consumption,Washbasin,APT_023,CL_B,https://w3id.org/eautonome/hsbSensorS0065,https://w3id.org/eautonome/hsbMeasurementPointS0065,https://w3id.org/eautonome/hsbRoomR016,https://w3id.org/eautonome/hsbAssetS0065,https://w3id.org/eautonome/hsbHotWater
S0066,R016,Living room,cold water consumption,Washbasin,APT_023,CL_B,https://w3id.org/eautonome/hsbSensorS0066,https://w3id.org/eautonome/hsbMeasurementPointS0066,https://w3id.org/eautonome/hsbRoomR016,https://w3id.org/eautonome/hsbAssetS0066,https://w3id.org/eautonome/hsbColdWater
S0067,R016,Living room,hot water consumption,Kitchen tap,APT_023,CL_B,https://w3id.org/eautonome/hsbSensorS0067,https://w3id.org/eautonome/hsbMeasurementPointS0067,https://w3id.org/eautonome/hsbRoomR016,https://w3id.org/eautonome/hsbAssetS0067,https://w3id.org/eautonome/hsbHotWater
S0068,R016,Living room,cold water consumption,Kitchen tap,APT_023,CL_B,https://w3id.org/eautonome/hsbSensorS0068,https://w3id.org/eautonome/hsbMeasurementPointS0068,https://w3id.org/eautonome/hsbRoomR016,https://w3id.org/eautonome/hsbAssetS0068,https://w3id.org/eautonome/hsbColdWater
S0069,R015,Living room,hot water consumption,Washbasin,APT_018,CL_B,https://w3id.org/eautonome/hsbSensorS0069,https://w3id.org/eautonome/hsbMeasurementPointS0069,https://w3id.org/eautonome/hsbRoomR015,https://w3id.org/eautonome/hsbAssetS0069,https://w3id.org/eautonome/hsbHotWater
S0070,R015,Living room,cold water consumption,Washbasin,APT_018,CL_B,https://w3id.org/eautonome/hsbSensorS0070,https://w3id.org/eautonome/hsbMeasurementPointS0070,https://w3id.org/eautonome/hsbRoomR015,https://w3id.org/eautonome/hsbAssetS0070,https://w3id.org/eautonome/hsbColdWater
S0071,R015,Living room,hot water consumption,Kitchen tap,APT_018,CL_B,https://w3id.org/eautonome/hsbSensorS0071,https://w3id.org/eautonome/hsbMeasurementPointS0071,https://w3id.org/eautonome/hsbRoomR015,https://w3id.org/eautonome/hsbAssetS0071,https://w3id.org/eautonome/hsbHotWater
S0072,R015,Living room,cold water consumption,Kitchen tap,APT_018,CL_B,https://w3id.org/eautonome/hsbSensorS0072,https://w3id.org/eautonome/hsbMeasurementPointS0072,https://w3id.org/eautonome/hsbRoomR015,https://w3id.org/eautonome/hsbAssetS0072,https://w3id.org/eautonome/hsbColdWater
S0073,R014,Living room,hot water consumption,Washbasin,APT_013,CL_B,https://w3id.org/eautonome/hsbSensorS0073,https://w3id.org/eautonome/hsbMeasurementPointS0073,https://w3id.org/eautonome/hsbRoomR014,https://w3id.org/eautonome/hsbAssetS0073,https://w3id.org/eautonome/hsbHotWater
S0074,R014,Living room,cold water consumption,Washbasin,APT_013,CL_B,https://w3id.org/eautonome/hsbSensorS0074,https://w3id.org/eautonome/hsbMeasurementPointS0074,https://w3id.org/eautonome/hsbRoomR014,https://w3id.org/eautonome/hsbAssetS0074,https://w3id.org/eautonome/hsbColdWater
S0075,R014,Living room,hot water consumption,Kitchen tap,APT_013,CL_B,https://w3id.org/eautonome/hsbSensorS0075,https://w3id.org/eautonome/hsbMeasurementPointS0075,https://w3id.org/eautonome/hsbRoomR014,https://w3id.org/eautonome/hsbAssetS0075,https://w3id.org/eautonome/hsbHotWater
S0076,R014,Living room,cold water consumption,Kitchen tap,APT_013,CL_B,https://w3id.org/eautonome/hsbSensorS0076,https://w3id.org/eautonome/hsbMeasurementPointS0076,https://w3id.org/eautonome/hsbRoomR014,https://w3id.org/eautonome/hsbAssetS0076,https://w3id.org/eautonome/hsbColdWater
S0077,R015,Living room,cold water consumption,Toilet,APT_018,CL_B,https://w3id.org/eautonome/hsbSensorS0077,https://w3id.org/eautonome/hsbMeasurementPointS0077,https://w3id.org/eautonome/hsbRoomR015,https://w3id.org/eautonome/hsbAssetS0077,https://w3id.org/eautonome/hsbColdWater
S0078,R016,Living room,cold water consumption,Toilet,APT_023,CL_B,https://w3id.org/eautonome/hsbSensorS0078,https://w3id.org/eautonome/hsbMeasurementPointS0078,https://w3id.org/eautonome/hsbRoomR016,https://w3id.org/eautonome/hsbAssetS0078,https://w3id.org/eautonome/hsbColdWater
S0079,R014,Living room,cold water consumption,Toilet,APT_013,CL_B,https://w3id.org/eautonome/hsbSensorS0079,https://w3id.org/eautonome/hsbMeasurementPointS0079,https://w3id.org/eautonome/hsbRoomR014,https://w3id.org/eautonome/hsbAssetS0079,https://w3id.org/eautonome/hsbColdWater
S0080,R022,Bathroom,hot water consumption,Washbasin,APT_002,CL_F,https://w3id.org/eautonome/hsbSensorS0080,https://w3id.org/eautonome/hsbMeasurementPointS0080,https://w3id.org/eautonome/hsbRoomR022,https://w3id.org/eautonome/hsbAssetS0080,https://w3id.org/eautonome/hsbHotWater
S0081,R022,Bathroom,cold water consumption,Washbasin,APT_002,CL_F,https://w3id.org/eautonome/hsbSensorS0081,https://w3id.org/eautonome/hsbMeasurementPointS0081,https://w3id.org/eautonome/hsbRoomR022,https://w3id.org/eautonome/hsbAssetS0081,https://w3id.org/eautonome/hsbColdWater
S0082,R022,Bathroom,hot water consumption,Shower,APT_002,CL_F,https://w3id.org/eautonome/hsbSensorS0082,https://w3id.org/eautonome/hsbMeasurementPointS0082,https://w3id.org/eautonome/hsbRoomR022,https://w3id.org/eautonome/hsbAssetS0082,https://w3id.org/eautonome/hsbHotWater
S0083,R022,Bathroom,cold water consumption,Shower,APT_002,CL_F,https://w3id.org/eautonome/hsbSensorS0083,https://w3id.org/eautonome/hsbMeasurementPointS0083,https://w3id.org/eautonome/hsbRoomR022,https://w3id.org/eautonome/hsbAssetS0083,https://w3id.org/eautonome/hsbColdWater
S0084,R023,Shared space,hot water consumption,Kitchen tap,APT_002,CL_F,https://w3id.org/eautonome/hsbSensorS0084,https://w3id.org/eautonome/hsbMeasurementPointS0084,https://w3id.org/eautonome/hsbRoomR023,https://w3id.org/eautonome/hsbAssetS0084,https://w3id.org/eautonome/hsbHotWater
S0085,R023,Shared space,cold water consumption,Kitchen tap,APT_002,CL_F,https://w3id.org/eautonome/hsbSensorS0085,https://w3id.org/eautonome/hsbMeasurementPointS0085,https://w3id.org/eautonome/hsbRoomR023,https://w3id.org/eautonome/hsbAssetS0085,https://w3id.org/eautonome/hsbColdWater
S0086,R022,Bathroom,cold water consumption,Toilet,APT_002,CL_F,https://w3id.org/eautonome/hsbSensorS0086,https://w3id.org/eautonome/hsbMeasurementPointS0086,https://w3id.org/eautonome/hsbRoomR022,https://w3id.org/eautonome/hsbAssetS0086,https://w3id.org/eautonome/hsbColdWater
S0087,R022,Bathroom,cold water consumption,Washing machine,APT_002,CL_F,https://w3id.org/eautonome/hsbSensorS0087,https://w3id.org/eautonome/hsbMeasurementPointS0087,https://w3id.org/eautonome/hsbRoomR022,https://w3id.org/eautonome/hsbAssetS0087,https://w3id.org/eautonome/hsbColdWater
S0088,R027,Kitchen,hot water consumption,Kitchen tap,APT_006,CL_I,https://w3id.org/eautonome/hsbSensorS0088,https://w3id.org/eautonome/hsbMeasurementPointS0088,https://w3id.org/eautonome/hsbRoomR027,https://w3id.org/eautonome/hsbAssetS0088,https://w3id.org/eautonome/hsbHotWater
S0089,R027,Kitchen,cold water consumption,Kitchen tap,APT_006,CL_I,https://w3id.org/eautonome/hsbSensorS0089,https://w3id.org/eautonome/hsbMeasurementPointS0089,https://w3id.org/eautonome/hsbRoomR027,https://w3id.org/eautonome/hsbAssetS0089,https://w3id.org/eautonome/hsbColdWater
S0090,R026,Bathroom,hot water consumption,Washbasin,APT_006,CL_I,https://w3id.org/eautonome/hsbSensorS0090,https://w3id.org/eautonome/hsbMeasurementPointS0090,https://w3id.org/eautonome/hsbRoomR026,https://w3id.org/eautonome/hsbAssetS0090,https://w3id.org/eautonome/hsbHotWater
S0091,R026,Bathroom,cold water consumption,Washbasin,APT_006,CL_I,https://w3id.org/eautonome/hsbSensorS0091,https://w3id.org/eautonome/hsbMeasurementPointS0091,https://w3id.org/eautonome/hsbRoomR026,https://w3id.org/eautonome/hsbAssetS0091,https://w3id.org/eautonome/hsbColdWater
S0092,R025,Bathroom,hot water consumption,Washbasin,APT_005,CL_A,https://w3id.org/eautonome/hsbSensorS0092,https://w3id.org/eautonome/hsbMeasurementPointS0092,https://w3id.org/eautonome/hsbRoomR025,https://w3id.org/eautonome/hsbAssetS0092,https://w3id.org/eautonome/hsbHotWater
S0093,R025,Bathroom,cold water consumption,Washbasin,APT_005,CL_A,https://w3id.org/eautonome/hsbSensorS0093,https://w3id.org/eautonome/hsbMeasurementPointS0093,https://w3id.org/eautonome/hsbRoomR025,https://w3id.org/eautonome/hsbAssetS0093,https://w3id.org/eautonome/hsbColdWater
S0094,R024,Kitchen,hot water consumption,Kitchen tap,APT_005,CL_A,https://w3id.org/eautonome/hsbSensorS0094,https://w3id.org/eautonome/hsbMeasurementPointS0094,https://w3id.org/eautonome/hsbRoomR024,https://w3id.org/eautonome/hsbAssetS0094,https://w3id.org/eautonome/hsbHotWater
S0095,R024,Kitchen,cold water consumption,Kitchen tap,APT_005,CL_A,https://w3id.org/eautonome/hsbSensorS0095,https://w3id.org/eautonome/hsbMeasurementPointS0095,https://w3id.org/eautonome/hsbRoomR024,https://w3id.org/eautonome/hsbAssetS0095,https://w3id.org/eautonome/hsbColdWater
S0096,R025,Bathroom,hot water consumption,Shower,APT_005,CL_A,https://w3id.org/eautonome/hsbSensorS0096,https://w3id.org/eautonome/hsbMeasurementPointS0096,https://w3id.org/eautonome/hsbRoomR025,https://w3id.org/eautonome/hsbAssetS0096,https://w3id.org/eautonome/hsbHotWater
S0097,R025,Bathroom,cold water consumption,Shower,APT_005,CL_A,https://w3id.org/eautonome/hsbSensorS0097,https://w3id.org/eautonome/hsbMeasurementPointS0097,https://w3id.org/eautonome/hsbRoomR025,https://w3id.org/eautonome/hsbAssetS0097,https://w3id.org/eautonome/hsbColdWater
S0098,R026,Bathroom,hot water consumption,Shower,APT_006,CL_I,https://w3id.org/eautonome/hsbSensorS0098,https://w3id.org/eautonome/hsbMeasurementPointS0098,https://w3id.org/eautonome/hsbRoomR026,https://w3id.org/eautonome/hsbAssetS0098,https://w3id.org/eautonome/hsbHotWater
S0099,R026,Bathroom,cold water consumption,Shower,APT_006,CL_I,https://w3id.org/eautonome/hsbSensorS0099,https://w3id.org/eautonome/hsbMeasurementPointS0099,https://w3id.org/eautonome/hsbRoomR026,https://w3id.org/eautonome/hsbAssetS0099,https://w3id.org/eautonome/hsbColdWater
S0100,R026,Bathroom,cold water consumption,Toilet,APT_006,CL_I,https://w3id.org/eautonome/hsbSensorS0100,https://w3id.org/eautonome/hsbMeasurementPointS0100,https://w3id.org/eautonome/hsbRoomR026,https://w3id.org/eautonome/hsbAssetS0100,https://w3id.org/eautonome/hsbColdWater
S0101,R025,Bathroom,cold water consumption,Toilet,APT_005,CL_A,https://w3id.org/eautonome/hsbSensorS0101,https://w3id.org/eautonome/hsbMeasurementPointS0101,https://w3id.org/eautonome/hsbRoomR025,https://w3id.org/eautonome/hsbAssetS0101,https://w3id.org/eautonome/hsbColdWater
S0102,R030,Bathroom,hot water consumption,Washbasin,APT_017,CL_E,https://w3id.org/eautonome/hsbSensorS0102,https://w3id.org/eautonome/hsbMeasurementPointS0102,https://w3id.org/eautonome/hsbRoomR030,https://w3id.org/eautonome/hsbAssetS0102,https://w3id.org/eautonome/hsbHotWater
S0103,R030,Bathroom,cold water consumption,Washbasin,APT_017,CL_E,https://w3id.org/eautonome/hsbSensorS0103,https://w3id.org/eautonome/hsbMeasurementPointS0103,https://w3id.org/eautonome/hsbRoomR030,https://w3id.org/eautonome/hsbAssetS0103,https://w3id.org/eautonome/hsbColdWater
S0104,R030,Bathroom,hot water consumption,Shower,APT_017,CL_E,https://w3id.org/eautonome/hsbSensorS0104,https://w3id.org/eautonome/hsbMeasurementPointS0104,https://w3id.org/eautonome/hsbRoomR030,https://w3id.org/eautonome/hsbAssetS0104,https://w3id.org/eautonome/hsbHotWater
S0105,R030,Bathroom,cold water consumption,Shower,APT_017,CL_E,https://w3id.org/eautonome/hsbSensorS0105,https://w3id.org/eautonome/hsbMeasurementPointS0105,https://w3id.org/eautonome/hsbRoomR030,https://w3id.org/eautonome/hsbAssetS0105,https://w3id.org/eautonome/hsbColdWater
S0106,R031,Shared space,hot water consumption,Kitchen tap,APT_017,CL_E,https://w3id.org/eautonome/hsbSensorS0106,https://w3id.org/eautonome/hsbMeasurementPointS0106,https://w3id.org/eautonome/hsbRoomR031,https://w3id.org/eautonome/hsbAssetS0106,https://w3id.org/eautonome/hsbHotWater
S0107,R031,Shared space,cold water consumption,Kitchen tap,APT_017,CL_E,https://w3id.org/eautonome/hsbSensorS0107,https://w3id.org/eautonome/hsbMeasurementPointS0107,https://w3id.org/eautonome/hsbRoomR031,https://w3id.org/eautonome/hsbAssetS0107,https://w3id.org/eautonome/hsbColdWater
S0108,R030,Bathroom,cold water consumption,Washing machine,APT_017,CL_E,https://w3id.org/eautonome/hsbSensorS0108,https://w3id.org/eautonome/hsbMeasurementPointS0108,https://w3id.org/eautonome/hsbRoomR030,https://w3id.org/eautonome/hsbAssetS0108,https://w3id.org/eautonome/hsbColdWater
S0109,R030,Bathroom,cold water consumption,Toilet,APT_017,CL_E,https://w3id.org/eautonome/hsbSensorS0109,https://w3id.org/eautonome/hsbMeasurementPointS0109,https://w3id.org/eautonome/hsbRoomR030,https://w3id.org/eautonome/hsbAssetS0109,https://w3id.org/eautonome/hsbColdWater
S0110,R028,Bathroom,hot water consumption,Washbasin,APT_003,CL_C,https://w3id.org/eautonome/hsbSensorS0110,https://w3id.org/eautonome/hsbMeasurementPointS0110,https://w3id.org/eautonome/hsbRoomR028,https://w3id.org/eautonome/hsbAssetS0110,https://w3id.org/eautonome/hsbHotWater
S0111,R028,Bathroom,cold water consumption,Washbasin,APT_003,CL_C,https://w3id.org/eautonome/hsbSensorS0111,https://w3id.org/eautonome/hsbMeasurementPointS0111,https://w3id.org/eautonome/hsbRoomR028,https://w3id.org/eautonome/hsbAssetS0111,https://w3id.org/eautonome/hsbColdWater
S0112,R028,Bathroom,hot water consumption,Shower,APT_003,CL_C,https://w3id.org/eautonome/hsbSensorS0112,https://w3id.org/eautonome/hsbMeasurementPointS0112,https://w3id.org/eautonome/hsbRoomR028,https://w3id.org/eautonome/hsbAssetS0112,https://w3id.org/eautonome/hsbHotWater
S0113,R028,Bathroom,cold water consumption,Shower,APT_003,CL_C,https://w3id.org/eautonome/hsbSensorS0113,https://w3id.org/eautonome/hsbMeasurementPointS0113,https://w3id.org/eautonome/hsbRoomR028,https://w3id.org/eautonome/hsbAssetS0113,https://w3id.org/eautonome/hsbColdWater
S0114,R029,Shared space,hot water consumption,Kitchen tap,APT_003,CL_C,https://w3id.org/eautonome/hsbSensorS0114,https://w3id.org/eautonome/hsbMeasurementPointS0114,https://w3id.org/eautonome/hsbRoomR029,https://w3id.org/eautonome/hsbAssetS0114,https://w3id.org/eautonome/hsbHotWater
S0115,R029,Shared space,cold water consumption,Kitchen tap,APT_003,CL_C,https://w3id.org/eautonome/hsbSensorS0115,https://w3id.org/eautonome/hsbMeasurementPointS0115,https://w3id.org/eautonome/hsbRoomR029,https://w3id.org/eautonome/hsbAssetS0115,https://w3id.org/eautonome/hsbColdWater
S0116,R028,Bathroom,cold water consumption,Toilet,APT_003,CL_C,https://w3id.org/eautonome/hsbSensorS0116,https://w3id.org/eautonome/hsbMeasurementPointS0116,https://w3id.org/eautonome/hsbRoomR028,https://w3id.org/eautonome/hsbAssetS0116,https://w3id.org/eautonome/hsbColdWater
S0117,R028,Bathroom,cold water consumption,Washing machine,APT_003,CL_C,https://w3id.org/eautonome/hsbSensorS0117,https://w3id.org/eautonome/hsbMeasurementPointS0117,https://w3id.org/eautonome/hsbRoomR028,https://w3id.org/eautonome/hsbAssetS0117,https://w3id.org/eautonome/hsbColdWater
S0118,R033,Living room,hot water consumption,Washbasin,APT_024,CL_D,https://w3id.org/eautonome/hsbSensorS0118,https://w3id.org/eautonome/hsbMeasurementPointS0118,https://w3id.org/eautonome/hsbRoomR033,https://w3id.org/eautonome/hsbAssetS0118,https://w3id.org/eautonome/hsbHotWater
S0119,R033,Living room,cold water consumption,Washbasin,APT_024,CL_D,https://w3id.org/eautonome/hsbSensorS0119,https://w3id.org/eautonome/hsbMeasurementPointS0119,https://w3id.org/eautonome/hsbRoomR033,https://w3id.org/eautonome/hsbAssetS0119,https://w3id.org/eautonome/hsbColdWater
S0120,R034,Living room,hot water consumption,Washbasin,APT_004,CL_D,https://w3id.org/eautonome/hsbSensorS0120,https://w3id.org/eautonome/hsbMeasurementPointS0120,https://w3id.org/eautonome/hsbRoomR034,https://w3id.org/eautonome/hsbAssetS0120,https://w3id.org/eautonome/hsbHotWater
S0121,R034,Living room,cold water consumption,Washbasin,APT_004,CL_D,https://w3id.org/eautonome/hsbSensorS0121,https://w3id.org/eautonome/hsbMeasurementPointS0121,https://w3id.org/eautonome/hsbRoomR034,https://w3id.org/eautonome/hsbAssetS0121,https://w3id.org/eautonome/hsbColdWater
S0122,R035,Living room,hot water consumption,Washbasin,APT_027,CL_D,https://w3id.org/eautonome/hsbSensorS0122,https://w3id.org/eautonome/hsbMeasurementPointS0122,https://w3id.org/eautonome/hsbRoomR035,https://w3id.org/eautonome/hsbAssetS0122,https://w3id.org/eautonome/hsbHotWater
S0123,R035,Living room,cold water consumption,Washbasin,APT_027,CL_D,https://w3id.org/eautonome/hsbSensorS0123,https://w3id.org/eautonome/hsbMeasurementPointS0123,https://w3id.org/eautonome/hsbRoomR035,https://w3id.org/eautonome/hsbAssetS0123,https://w3id.org/eautonome/hsbColdWater
S0124,R035,Living room,cold water consumption,Kitchen tap,APT_027,CL_D,https://w3id.org/eautonome/hsbSensorS0124,https://w3id.org/eautonome/hsbMeasurementPointS0124,https://w3id.org/eautonome/hsbRoomR035,https://w3id.org/eautonome/hsbAssetS0124,https://w3id.org/eautonome/hsbColdWater
S0125,R035,Living room,cold water consumption,Kitchen tap,APT_027,CL_D,https://w3id.org/eautonome/hsbSensorS0125,https://w3id.org/eautonome/hsbMeasurementPointS0125,https://w3id.org/eautonome/hsbRoomR035,https://w3id.org/eautonome/hsbAssetS0125,https://w3id.org/eautonome/hsbColdWater
S0126,R034,Living room,hot water consumption,Kitchen tap,APT_004,CL_D,https://w3id.org/eautonome/hsbSensorS0126,https://w3id.org/eautonome/hsbMeasurementPointS0126,https://w3id.org/eautonome/hsbRoomR034,https://w3id.org/eautonome/hsbAssetS0126,https://w3id.org/eautonome/hsbHotWater
S0127,R034,Living room,cold water consumption,Kitchen tap,APT_004,CL_D,https://w3id.org/eautonome/hsbSensorS0127,https://w3id.org/eautonome/hsbMeasurementPointS0127,https://w3id.org/eautonome/hsbRoomR034,https://w3id.org/eautonome/hsbAssetS0127,https://w3id.org/eautonome/hsbColdWater
S0128,R033,Living room,hot water consumption,Kitchen tap,APT_024,CL_D,https://w3id.org/eautonome/hsbSensorS0128,https://w3id.org/eautonome/hsbMeasurementPointS0128,https://w3id.org/eautonome/hsbRoomR033,https://w3id.org/eautonome/hsbAssetS0128,https://w3id.org/eautonome/hsbHotWater
S0129,R034,Living room,cold water consumption,Kitchen tap,APT_004,CL_D,https://w3id.org/eautonome/hsbSensorS0129,https://w3id.org/eautonome/hsbMeasurementPointS0129,https://w3id.org/eautonome/hsbRoomR034,https://w3id.org/eautonome/hsbAssetS0129,https://w3id.org/eautonome/hsbColdWater
S0130,R035,Living room,cold water consumption,Toilet,APT_027,CL_D,https://w3id.org/eautonome/hsbSensorS0130,https://w3id.org/eautonome/hsbMeasurementPointS0130,https://w3id.org/eautonome/hsbRoomR035,https://w3id.org/eautonome/hsbAssetS0130,https://w3id.org/eautonome/hsbColdWater
S0131,R034,Living room,cold water consumption,Toilet,APT_004,CL_D,https://w3id.org/eautonome/hsbSensorS0131,https://w3id.org/eautonome/hsbMeasurementPointS0131,https://w3id.org/eautonome/hsbRoomR034,https://w3id.org/eautonome/hsbAssetS0131,https://w3id.org/eautonome/hsbColdWater
S0132,R033,Living room,cold water consumption,Toilet,APT_024,CL_D,https://w3id.org/eautonome/hsbSensorS0132,https://w3id.org/eautonome/hsbMeasurementPointS0132,https://w3id.org/eautonome/hsbRoomR033,https://w3id.org/eautonome/hsbAssetS0132,https://w3id.org/eautonome/hsbColdWater
S0133,R036,Living room,cold water consumption,Kitchen tap,APT_025,CL_D,https://w3id.org/eautonome/hsbSensorS0133,https://w3id.org/eautonome/hsbMeasurementPointS0133,https://w3id.org/eautonome/hsbRoomR036,https://w3id.org/eautonome/hsbAssetS0133,https://w3id.org/eautonome/hsbColdWater
S0134,R036,Living room,cold water consumption,Kitchen tap,APT_025,CL_D,https://w3id.org/eautonome/hsbSensorS0134,https://w3id.org/eautonome/hsbMeasurementPointS0134,https://w3id.org/eautonome/hsbRoomR036,https://w3id.org/eautonome/hsbAssetS0134,https://w3id.org/eautonome/hsbColdWater
S0135,R040,Shared bathroom,hot water consumption,Washbasin,,CL_D,https://w3id.org/eautonome/hsbSensorS0135,https://w3id.org/eautonome/hsbMeasurementPointS0135,https://w3id.org/eautonome/hsbRoomR040,https://w3id.org/eautonome/hsbAssetS0135,https://w3id.org/eautonome/hsbHotWater
S0136,R039,Shared bathroom,hot water consumption,Washbasin,,CL_D,https://w3id.org/eautonome/hsbSensorS0136,https://w3id.org/eautonome/hsbMeasurementPointS0136,https://w3id.org/eautonome/hsbRoomR039,https://w3id.org/eautonome/hsbAssetS0136,https://w3id.org/eautonome/hsbHotWater
S0137,R039,Shared bathroom,cold water consumption,Washbasin,,CL_D,https://w3id.org/eautonome/hsbSensorS0137,https://w3id.org/eautonome/hsbMeasurementPointS0137,https://w3id.org/eautonome/hsbRoomR039,https://w3id.org/eautonome/hsbAssetS0137,https://w3id.org/eautonome/hsbColdWater
S0138,R032,Shared space,hot water consumption,Kitchen tap,,CL_D,https://w3id.org/eautonome/hsbSensorS0138,https://w3id.org/eautonome/hsbMeasurementPointS0138,https://w3id.org/eautonome/hsbRoomR032,https://w3id.org/eautonome/hsbAssetS0138,https://w3id.org/eautonome/hsbHotWater
S0139,R032,Shared space,cold water consumption,Kitchen tap,,CL_D,https://w3id.org/eautonome/hsbSensorS0139,https://w3id.org/eautonome/hsbMeasurementPointS0139,https://w3id.org/eautonome/hsbRoomR032,https://w3id.org/eautonome/hsbAssetS0139,https://w3id.org/eautonome/hsbColdWater
S0140,R036,Living room,cold water consumption,Washbasin,APT_025,CL_D,https://w3id.org/eautonome/hsbSensorS0140,https://w3id.org/eautonome/hsbMeasurementPointS0140,https://w3id.org/eautonome/hsbRoomR036,https://w3id.org/eautonome/hsbAssetS0140,https://w3id.org/eautonome/hsbColdWater
S0141,R036,Living room,cold water consumption,Washbasin,APT_025,CL_D,https://w3id.org/eautonome/hsbSensorS0141,https://w3id.org/eautonome/hsbMeasurementPointS0141,https://w3id.org/eautonome/hsbRoomR036,https://w3id.org/eautonome/hsbAssetS0141,https://w3id.org/eautonome/hsbColdWater
S0142,R039,Shared bathroom,hot water consumption,Shower,,CL_D,https://w3id.org/eautonome/hsbSensorS0142,https://w3id.org/eautonome/hsbMeasurementPointS0142,https://w3id.org/eautonome/hsbRoomR039,https://w3id.org/eautonome/hsbAssetS0142,https://w3id.org/eautonome/hsbHotWater
S0143,R040,Shared bathroom,cold water consumption,Shower,,CL_D,https://w3id.org/eautonome/hsbSensorS0143,https://w3id.org/eautonome/hsbMeasurementPointS0143,https://w3id.org/eautonome/hsbRoomR040,https://w3id.org/eautonome/hsbAssetS0143,https://w3id.org/eautonome/hsbColdWater
S0144,R040,Shared bathroom,hot water consumption,Shower,,CL_D,https://w3id.org/eautonome/hsbSensorS0144,https://w3id.org/eautonome/hsbMeasurementPointS0144,https://w3id.org/eautonome/hsbRoomR040,https://w3id.org/eautonome/hsbAssetS0144,https://w3id.org/eautonome/hsbHotWater
S0145,R039,Shared bathroom,cold water consumption,Shower,,CL_D,https://w3id.org/eautonome/hsbSensorS0145,https://w3id.org/eautonome/hsbMeasurementPointS0145,https://w3id.org/eautonome/hsbRoomR039,https://w3id.org/eautonome/hsbAssetS0145,https://w3id.org/eautonome/hsbColdWater
S0146,R039,Shared bathroom,cold water consumption,Toilet,,CL_D,https://w3id.org/eautonome/hsbSensorS0146,https://w3id.org/eautonome/hsbMeasurementPointS0146,https://w3id.org/eautonome/hsbRoomR039,https://w3id.org/eautonome/hsbAssetS0146,https://w3id.org/eautonome/hsbColdWater
S0147,R039,Shared bathroom,cold water consumption,Toilet,,CL_D,https://w3id.org/eautonome/hsbSensorS0147,https://w3id.org/eautonome/hsbMeasurementPointS0147,https://w3id.org/eautonome/hsbRoomR039,https://w3id.org/eautonome/hsbAssetS0147,https://w3id.org/eautonome/hsbColdWater
S0148,R036,Living room,cold water consumption,Toilet,APT_025,CL_D,https://w3id.org/eautonome/hsbSensorS0148,https://w3id.org/eautonome/hsbMeasurementPointS0148,https://w3id.org/eautonome/hsbRoomR036,https://w3id.org/eautonome/hsbAssetS0148,https://w3id.org/eautonome/hsbColdWater
S0149,R038,Living room,hot water consumption,Kitchen tap,APT_028,CL_D,https://w3id.org/eautonome/hsbSensorS0149,https://w3id.org/eautonome/hsbMeasurementPointS0149,https://w3id.org/eautonome/hsbRoomR038,https://w3id.org/eautonome/hsbAssetS0149,https://w3id.org/eautonome/hsbHotWater
S0150,R038,Living room,cold water consumption,Kitchen tap,APT_028,CL_D,https://w3id.org/eautonome/hsbSensorS0150,https://w3id.org/eautonome/hsbMeasurementPointS0150,https://w3id.org/eautonome/hsbRoomR038,https://w3id.org/eautonome/hsbAssetS0150,https://w3id.org/eautonome/hsbColdWater
S0151,R037,Living room,hot water consumption,Kitchen tap,APT_019,CL_D,https://w3id.org/eautonome/hsbSensorS0151,https://w3id.org/eautonome/hsbMeasurementPointS0151,https://w3id.org/eautonome/hsbRoomR037,https://w3id.org/eautonome/hsbAssetS0151,https://w3id.org/eautonome/hsbHotWater
S0152,R037,Living room,cold water consumption,Kitchen tap,APT_019,CL_D,https://w3id.org/eautonome/hsbSensorS0152,https://w3id.org/eautonome/hsbMeasurementPointS0152,https://w3id.org/eautonome/hsbRoomR037,https://w3id.org/eautonome/hsbAssetS0152,https://w3id.org/eautonome/hsbColdWater
S0153,R037,Living room,hot water consumption,Washbasin,APT_019,CL_D,https://w3id.org/eautonome/hsbSensorS0153,https://w3id.org/eautonome/hsbMeasurementPointS0153,https://w3id.org/eautonome/hsbRoomR037,https://w3id.org/eautonome/hsbAssetS0153,https://w3id.org/eautonome/hsbHotWater
S0154,R037,Living room,cold water consumption,Washbasin,APT_019,CL_D,https://w3id.org/eautonome/hsbSensorS0154,https://w3id.org/eautonome/hsbMeasurementPointS0154,https://w3id.org/eautonome/hsbRoomR037,https://w3id.org/eautonome/hsbAssetS0154,https://w3id.org/eautonome/hsbColdWater
S0155,R038,Living room,hot water consumption,Washbasin,APT_028,CL_D,https://w3id.org/eautonome/hsbSensorS0155,https://w3id.org/eautonome/hsbMeasurementPointS0155,https://w3id.org/eautonome/hsbRoomR038,https://w3id.org/eautonome/hsbAssetS0155,https://w3id.org/eautonome/hsbHotWater
S0156,R038,Living room,cold water consumption,Washbasin,APT_028,CL_D,https://w3id.org/eautonome/hsbSensorS0156,https://w3id.org/eautonome/hsbMeasurementPointS0156,https://w3id.org/eautonome/hsbRoomR038,https://w3id.org/eautonome/hsbAssetS0156,https://w3id.org/eautonome/hsbColdWater
S0157,R037,Living room,cold water consumption,Toilet,APT_019,CL_D,https://w3id.org/eautonome/hsbSensorS0157,https://w3id.org/eautonome/hsbMeasurementPointS0157,https://w3id.org/eautonome/hsbRoomR037,https://w3id.org/eautonome/hsbAssetS0157,https://w3id.org/eautonome/hsbColdWater
S0158,R038,Living room,cold water consumption,Toilet,APT_028,CL_D,https://w3id.org/eautonome/hsbSensorS0158,https://w3id.org/eautonome/hsbMeasurementPointS0158,https://w3id.org/eautonome/hsbRoomR038,https://w3id.org/eautonome/hsbAssetS0158,https://w3id.org/eautonome/hsbColdWater
S0159,R047,Living room,hot water consumption,Kitchen tap,APT_007,CL_G,https://w3id.org/eautonome/hsbSensorS0159,https://w3id.org/eautonome/hsbMeasurementPointS0159,https://w3id.org/eautonome/hsbRoomR047,https://w3id.org/eautonome/hsbAssetS0159,https://w3id.org/eautonome/hsbHotWater
S0160,R047,Living room,cold water consumption,Kitchen tap,APT_007,CL_G,https://w3id.org/eautonome/hsbSensorS0160,https://w3id.org/eautonome/hsbMeasurementPointS0160,https://w3id.org/eautonome/hsbRoomR047,https://w3id.org/eautonome/hsbAssetS0160,https://w3id.org/eautonome/hsbColdWater
S0161,R046,Living room,hot water consumption,Kitchen tap,APT_020,CL_G,https://w3id.org/eautonome/hsbSensorS0161,https://w3id.org/eautonome/hsbMeasurementPointS0161,https://w3id.org/eautonome/hsbRoomR046,https://w3id.org/eautonome/hsbAssetS0161,https://w3id.org/eautonome/hsbHotWater
S0162,R046,Living room,cold water consumption,Kitchen tap,APT_020,CL_G,https://w3id.org/eautonome/hsbSensorS0162,https://w3id.org/eautonome/hsbMeasurementPointS0162,https://w3id.org/eautonome/hsbRoomR046,https://w3id.org/eautonome/hsbAssetS0162,https://w3id.org/eautonome/hsbColdWater
S0163,R046,Living room,hot water consumption,Washbasin,APT_020,CL_G,https://w3id.org/eautonome/hsbSensorS0163,https://w3id.org/eautonome/hsbMeasurementPointS0163,https://w3id.org/eautonome/hsbRoomR046,https://w3id.org/eautonome/hsbAssetS0163,https://w3id.org/eautonome/hsbHotWater
S0164,R046,Living room,cold water consumption,Washbasin,APT_020,CL_G,https://w3id.org/eautonome/hsbSensorS0164,https://w3id.org/eautonome/hsbMeasurementPointS0164,https://w3id.org/eautonome/hsbRoomR046,https://w3id.org/eautonome/hsbAssetS0164,https://w3id.org/eautonome/hsbColdWater
S0165,R047,Living room,hot water consumption,Washbasin,APT_007,CL_G,https://w3id.org/eautonome/hsbSensorS0165,https://w3id.org/eautonome/hsbMeasurementPointS0165,https://w3id.org/eautonome/hsbRoomR047,https://w3id.org/eautonome/hsbAssetS0165,https://w3id.org/eautonome/hsbHotWater
S0166,R046,Living room,cold water consumption,Toilet,APT_020,CL_G,https://w3id.org/eautonome/hsbSensorS0166,https://w3id.org/eautonome/hsbMeasurementPointS0166,https://w3id.org/eautonome/hsbRoomR046,https://w3id.org/eautonome/hsbAssetS0166,https://w3id.org/eautonome/hsbColdWater
S0167,R047,Living room,cold water consumption,Washbasin,APT_007,CL_G,https://w3id.org/eautonome/hsbSensorS0167,https://w3id.org/eautonome/hsbMeasurementPointS0167,https://w3id.org/eautonome/hsbRoomR047,https://w3id.org/eautonome/hsbAssetS0167,https://w3id.org/eautonome/hsbColdWater
S0168,R049,Shared bathroom,hot water consumption,Washbasin,,CL_G,https://w3id.org/eautonome/hsbSensorS0168,https://w3id.org/eautonome/hsbMeasurementPointS0168,https://w3id.org/eautonome/hsbRoomR049,https://w3id.org/eautonome/hsbAssetS0168,https://w3id.org/eautonome/hsbHotWater
S0169,R049,Shared bathroom,cold water consumption,Washbasin,,CL_G,https://w3id.org/eautonome/hsbSensorS0169,https://w3id.org/eautonome/hsbMeasurementPointS0169,https://w3id.org/eautonome/hsbRoomR049,https://w3id.org/eautonome/hsbAssetS0169,https://w3id.org/eautonome/hsbColdWater
S0170,R048,Shared bathroom,hot water consumption,Washbasin,,CL_G,https://w3id.org/eautonome/hsbSensorS0170,https://w3id.org/eautonome/hsbMeasurementPointS0170,https://w3id.org/eautonome/hsbRoomR048,https://w3id.org/eautonome/hsbAssetS0170,https://w3id.org/eautonome/hsbHotWater
S0171,R048,Shared bathroom,cold water consumption,Washbasin,,CL_G,https://w3id.org/eautonome/hsbSensorS0171,https://w3id.org/eautonome/hsbMeasurementPointS0171,https://w3id.org/eautonome/hsbRoomR048,https://w3id.org/eautonome/hsbAssetS0171,https://w3id.org/eautonome/hsbColdWater
S0172,R045,Living room,hot water consumption,Kitchen tap,APT_015,CL_G,https://w3id.org/eautonome/hsbSensorS0172,https://w3id.org/eautonome/hsbMeasurementPointS0172,https://w3id.org/eautonome/hsbRoomR045,https://w3id.org/eautonome/hsbAssetS0172,https://w3id.org/eautonome/hsbHotWater
S0173,R045,Living room,cold water consumption,Kitchen tap,APT_015,CL_G,https://w3id.org/eautonome/hsbSensorS0173,https://w3id.org/eautonome/hsbMeasurementPointS0173,https://w3id.org/eautonome/hsbRoomR045,https://w3id.org/eautonome/hsbAssetS0173,https://w3id.org/eautonome/hsbColdWater
S0174,R041,Shared space,hot water consumption,Kitchen tap,,CL_G,https://w3id.org/eautonome/hsbSensorS0174,https://w3id.org/eautonome/hsbMeasurementPointS0174,https://w3id.org/eautonome/hsbRoomR041,https://w3id.org/eautonome/hsbAssetS0174,https://w3id.org/eautonome/hsbHotWater
S0175,R041,Shared space,cold water consumption,Kitchen tap,,CL_G,https://w3id.org/eautonome/hsbSensorS0175,https://w3id.org/eautonome/hsbMeasurementPointS0175,https://w3id.org/eautonome/hsbRoomR041,https://w3id.org/eautonome/hsbAssetS0175,https://w3id.org/eautonome/hsbColdWater
S0176,R045,Living room,hot water consumption,Washbasin,APT_015,CL_G,https://w3id.org/eautonome/hsbSensorS0176,https://w3id.org/eautonome/hsbMeasurementPointS0176,https://w3id.org/eautonome/hsbRoomR045,https://w3id.org/eautonome/hsbAssetS0176,https://w3id.org/eautonome/hsbHotWater
S0177,R045,Living room,cold water consumption,Washbasin,APT_015,CL_G,https://w3id.org/eautonome/hsbSensorS0177,https://w3id.org/eautonome/hsbMeasurementPointS0177,https://w3id.org/eautonome/hsbRoomR045,https://w3id.org/eautonome/hsbAssetS0177,https://w3id.org/eautonome/hsbColdWater
S0178,R048,Shared bathroom,hot water consumption,Shower,,CL_G,https://w3id.org/eautonome/hsbSensorS0178,https://w3id.org/eautonome/hsbMeasurementPointS0178,https://w3id.org/eautonome/hsbRoomR048,https://w3id.org/eautonome/hsbAssetS0178,https://w3id.org/eautonome/hsbHotWater
S0179,R048,Shared bathroom,cold water consumption,Shower,,CL_G,https://w3id.org/eautonome/hsbSensorS0179,https://w3id.org/eautonome/hsbMeasurementPointS0179,https://w3id.org/eautonome/hsbRoomR048,https://w3id.org/eautonome/hsbAssetS0179,https://w3id.org/eautonome/hsbColdWater
S0180,R049,Shared bathroom,hot water consumption,Shower,,CL_G,https://w3id.org/eautonome/hsbSensorS0180,https://w3id.org/eautonome/hsbMeasurementPointS0180,https://w3id.org/eautonome/hsbRoomR049,https://w3id.org/eautonome/hsbAssetS0180,https://w3id.org/eautonome/hsbHotWater
S0181,R049,Shared bathroom,cold water consumption,Shower,,CL_G,https://w3id.org/eautonome/hsbSensorS0181,https://w3id.org/eautonome/hsbMeasurementPointS0181,https://w3id.org/eautonome/hsbRoomR049,https://w3id.org/eautonome/hsbAssetS0181,https://w3id.org/eautonome/hsbColdWater
S0182,R048,Shared bathroom,cold water consumption,Toilet,,CL_G,https://w3id.org/eautonome/hsbSensorS0182,https://w3id.org/eautonome/hsbMeasurementPointS0182,https://w3id.org/eautonome/hsbRoomR048,https://w3id.org/eautonome/hsbAssetS0182,https://w3id.org/eautonome/hsbColdWater
S0183,R049,Shared bathroom,cold water consumption,Toilet,,CL_G,https://w3id.org/eautonome/hsbSensorS0183,https://w3id.org/eautonome/hsbMeasurementPointS0183,https://w3id.org/eautonome/hsbRoomR049,https://w3id.org/eautonome/hsbAssetS0183,https://w3id.org/eautonome/hsbColdWater
S0184,R045,Living room,cold water consumption,Toilet,APT_015,CL_G,https://w3id.org/eautonome/hsbSensorS0184,https://w3id.org/eautonome/hsbMeasurementPointS0184,https://w3id.org/eautonome/hsbRoomR045,https://w3id.org/eautonome/hsbAssetS0184,https://w3id.org/eautonome/hsbColdWater
S0185,R043,Living room,hot water consumption,Washbasin,APT_008,CL_G,https://w3id.org/eautonome/hsbSensorS0185,https://w3id.org/eautonome/hsbMeasurementPointS0185,https://w3id.org/eautonome/hsbRoomR043,https://w3id.org/eautonome/hsbAssetS0185,https://w3id.org/eautonome/hsbHotWater
S0186,R043,Living room,cold water consumption,Washbasin,APT_008,CL_G,https://w3id.org/eautonome/hsbSensorS0186,https://w3id.org/eautonome/hsbMeasurementPointS0186,https://w3id.org/eautonome/hsbRoomR043,https://w3id.org/eautonome/hsbAssetS0186,https://w3id.org/eautonome/hsbColdWater
S0187,R044,Living room,hot water consumption,Washbasin,APT_011,CL_G,https://w3id.org/eautonome/hsbSensorS0187,https://w3id.org/eautonome/hsbMeasurementPointS0187,https://w3id.org/eautonome/hsbRoomR044,https://w3id.org/eautonome/hsbAssetS0187,https://w3id.org/eautonome/hsbHotWater
S0188,R044,Living room,cold water consumption,Washbasin,APT_011,CL_G,https://w3id.org/eautonome/hsbSensorS0188,https://w3id.org/eautonome/hsbMeasurementPointS0188,https://w3id.org/eautonome/hsbRoomR044,https://w3id.org/eautonome/hsbAssetS0188,https://w3id.org/eautonome/hsbColdWater
S0189,R044,Living room,hot water consumption,Kitchen tap,APT_011,CL_G,https://w3id.org/eautonome/hsbSensorS0189,https://w3id.org/eautonome/hsbMeasurementPointS0189,https://w3id.org/eautonome/hsbRoomR044,https://w3id.org/eautonome/hsbAssetS0189,https://w3id.org/eautonome/hsbHotWater
S0190,R044,Living room,cold water consumption,Kitchen tap,APT_011,CL_G,https://w3id.org/eautonome/hsbSensorS0190,https://w3id.org/eautonome/hsbMeasurementPointS0190,https://w3id.org/eautonome/hsbRoomR044,https://w3id.org/eautonome/hsbAssetS0190,https://w3id.org/eautonome/hsbColdWater
S0191,R043,Living room,hot water consumption,Kitchen tap,APT_008,CL_G,https://w3id.org/eautonome/hsbSensorS0191,https://w3id.org/eautonome/hsbMeasurementPointS0191,https://w3id.org/eautonome/hsbRoomR043,https://w3id.org/eautonome/hsbAssetS0191,https://w3id.org/eautonome/hsbHotWater
S0192,R043,Living room,cold water consumption,Kitchen tap,APT_008,CL_G,https://w3id.org/eautonome/hsbSensorS0192,https://w3id.org/eautonome/hsbMeasurementPointS0192,https://w3id.org/eautonome/hsbRoomR043,https://w3id.org/eautonome/hsbAssetS0192,https://w3id.org/eautonome/hsbColdWater
S0193,R042,Living room,hot water consumption,Kitchen tap,APT_021,CL_G,https://w3id.org/eautonome/hsbSensorS0193,https://w3id.org/eautonome/hsbMeasurementPointS0193,https://w3id.org/eautonome/hsbRoomR042,https://w3id.org/eautonome/hsbAssetS0193,https://w3id.org/eautonome/hsbHotWater
S0194,R042,Living room,cold water consumption,Kitchen tap,APT_021,CL_G,https://w3id.org/eautonome/hsbSensorS0194,https://w3id.org/eautonome/hsbMeasurementPointS0194,https://w3id.org/eautonome/hsbRoomR042,https://w3id.org/eautonome/hsbAssetS0194,https://w3id.org/eautonome/hsbColdWater
S0195,R043,Living room,cold water consumption,Toilet,APT_008,CL_G,https://w3id.org/eautonome/hsbSensorS0195,https://w3id.org/eautonome/hsbMeasurementPointS0195,https://w3id.org/eautonome/hsbRoomR043,https://w3id.org/eautonome/hsbAssetS0195,https://w3id.org/eautonome/hsbColdWater
S0196,R044,Living room,cold water consumption,Toilet,APT_011,CL_G,https://w3id.org/eautonome/hsbSensorS0196,https://w3id.org/eautonome/hsbMeasurementPointS0196,https://w3id.org/eautonome/hsbRoomR044,https://w3id.org/eautonome/hsbAssetS0196,https://w3id.org/eautonome/hsbColdWater
S0197,R042,Living room,cold water consumption,Toilet,APT_021,CL_G,https://w3id.org/eautonome/hsbSensorS0197,https://w3id.org/eautonome/hsbMeasurementPointS0197,https://w3id.org/eautonome/hsbRoomR042,https://w3id.org/eautonome/hsbAssetS0197,https://w3id.org/eautonome/hsbColdWater
S0198,R001,Laundry studio,cold water consumption,Washing machine,,,https://w3id.org/eautonome/hsbSensorS0198,https://w3id.org/eautonome/hsbMeasurementPointS0198,https://w3id.org/eautonome/hsbRoomR001,https://w3id.org/eautonome/hsbAssetS0198,https://w3id.org/eautonome/hsbColdWater
S0199,R002,Bathroom,cold water consumption,Toilet,,,https://w3id.org/eautonome/hsbSensorS0199,https://w3id.org/eautonome/hsbMeasurementPointS0199,https://w3id.org/eautonome/hsbRoomR002,https://w3id.org/eautonome/hsbAssetS0199,https://w3id.org/eautonome/hsbColdWater
S0200,R002,Bathroom,cold water consumption,Washbasin,,,https://w3id.org/eautonome/hsbSensorS0200,https://w3id.org/eautonome/hsbMeasurementPointS0200,https://w3id.org/eautonome/hsbRoomR002,https://w3id.org/eautonome/hsbAssetS0200,https://w3id.org/eautonome/hsbColdWater
S0201,R001,Laundry studio,hot water consumption,Washing machine,,,https://w3id.org/eautonome/hsbSensorS0201,https://w3id.org/eautonome/hsbMeasurementPointS0201,https://w3id.org/eautonome/hsbRoomR001,https://w3id.org/eautonome/hsbAssetS0201,https://w3id.org/eautonome/hsbHotWater
S0202,R001,Laundry studio,cold water consumption,Washing machine,,,https://w3id.org/eautonome/hsbSensorS0202,https://w3id.org/eautonome/hsbMeasurementPointS0202,https://w3id.org/eautonome/hsbRoomR001,https://w3id.org/eautonome/hsbAssetS0202,https://w3id.org/eautonome/hsbColdWater
S0203,R001,Laundry studio,hot water consumption,Washing machine,,,https://w3id.org/eautonome/hsbSensorS0203,https://w3id.org/eautonome/hsbMeasurementPointS0203,https://w3id.org/eautonome/hsbRoomR001,https://w3id.org/eautonome/hsbAssetS0203,https://w3id.org/eautonome/hsbHotWater
S0204,R001,Laundry studio,cold water consumption,Washing machine,,,https://w3id.org/eautonome/hsbSensorS0204,https://w3id.org/eautonome/hsbMeasurementPointS0204,https://w3id.org/eautonome/hsbRoomR001,https://w3id.org/eautonome/hsbAssetS0204,https://w3id.org/eautonome/hsbColdWater
S0205,R001,Laundry studio,hot water consumption,Washing machine,,,https://w3id.org/eautonome/hsbSensorS0205,https://w3id.org/eautonome/hsbMeasurementPointS0205,https://w3id.org/eautonome/hsbRoomR001,https://w3id.org/eautonome/hsbAssetS0205,https://w3id.org/eautonome/hsbHotWater
S0206,R001,Laundry studio,cold water consumption,Washing machine,,,https://w3id.org/eautonome/hsbSensorS0206,https://w3id.org/eautonome/hsbMeasurementPointS0206,https://w3id.org/eautonome/hsbRoomR001,https://w3id.org/eautonome/hsbAssetS0206,https://w3id.org/eautonome/hsbColdWater
S0207,R001,Laundry studio,cold water consumption,Washing machine,,,https://w3id.org/eautonome/hsbSensorS0207,https://w3id.org/eautonome/hsbMeasurementPointS0207,https://w3id.org/eautonome/hsbRoomR001,https://w3id.org/eautonome/hsbAssetS0207,https://w3id.org/eautonome/hsbColdWater
S0208,R003,Bathroom,cold water consumption,Washbasin,,,https://w3id.org/eautonome/hsbSensorS0208,https://w3id.org/eautonome/hsbMeasurementPointS0208,https://w3id.org/eautonome/hsbRoomR003,https://w3id.org/eautonome/hsbAssetS0208,https://w3id.org/eautonome/hsbColdWater
S0209,R001,Laundry studio,hot water consumption,Washbasin,,,https://w3id.org/eautonome/hsbSensorS0209,https://w3id.org/eautonome/hsbMeasurementPointS0209,https://w3id.org/eautonome/hsbRoomR001,https://w3id.org/eautonome/hsbAssetS0209,https://w3id.org/eautonome/hsbHotWater
S0210,R001,Laundry studio,cold water consumption,Washbasin,,,https://w3id.org/eautonome/hsbSensorS0210,https://w3id.org/eautonome/hsbMeasurementPointS0210,https://w3id.org/eautonome/hsbRoomR001,https://w3id.org/eautonome/hsbAssetS0210,https://w3id.org/eautonome/hsbColdWater
S0211,R004,Cleaning,cold water consumption,Washbasin,,,https://w3id.org/eautonome/hsbSensorS0211,https://w3id.org/eautonome/hsbMeasurementPointS0211,https://w3id.org/eautonome/hsbRoomR004,https://w3id.org/eautonome/hsbAssetS0211,https://w3id.org/eautonome/hsbColdWater
S0212,R003,Bathroom,cold water consumption,Toilet,,,https://w3id.org/eautonome/hsbSensorS0212,https://w3id.org/eautonome/hsbMeasurementPointS0212,https://w3id.org/eautonome/hsbRoomR003,https://w3id.org/eautonome/hsbAssetS0212,https://w3id.org/eautonome/hsbColdWater
S0213,R002,Bathroom,hot water consumption,Washbasin,,,https://w3id.org/eautonome/hsbSensorS0213,https://w3id.org/eautonome/hsbMeasurementPointS0213,https://w3id.org/eautonome/hsbRoomR002,https://w3id.org/eautonome/hsbAssetS0213,https://w3id.org/eautonome/hsbHotWater
S0214,R003,Bathroom,hot water consumption,Washbasin,,,https://w3id.org/eautonome/hsbSensorS0214,https://w3id.org/eautonome/hsbMeasurementPointS0214,https://w3id.org/eautonome/hsbRoomR003,https://w3id.org/eautonome/hsbAssetS0214,https://w3id.org/eautonome/hsbHotWater
